method,k,traffic,ir,mean,std,n,ci95
CreditMinAdapt,4,hotspot,0.005,402.0476,71.7122,5,62.8585
CreditMinAdapt,4,hotspot,0.01,541.3332,41.6559,5,36.513
CreditMinAdapt,4,hotspot,0.02,744.0552,26.8615,5,23.5451
CreditMinAdapt,4,hotspot,0.04,884.6204,15.4699,5,13.56
CreditMinAdapt,4,hotspot,0.08,944.464,9.9687,5,8.7379
CreditMinAdapt,4,transpose,0.005,36.8894,0.2792,5,0.2447
CreditMinAdapt,4,transpose,0.01,39.7096,0.6164,5,0.5403
CreditMinAdapt,4,transpose,0.02,50.4863,1.6115,5,1.4125
CreditMinAdapt,4,transpose,0.04,263.1264,18.1854,5,15.9402
CreditMinAdapt,4,transpose,0.08,499.5844,9.6333,5,8.444
CreditMinAdapt,4,uniform,0.005,38.9619,0.873,5,0.7652
CreditMinAdapt,4,uniform,0.01,43.9321,0.5046,5,0.4423
CreditMinAdapt,4,uniform,0.02,63.2893,2.174,5,1.9056
CreditMinAdapt,4,uniform,0.04,400.942,28.736,5,25.1882
CreditMinAdapt,4,uniform,0.08,601.6278,9.6755,5,8.481
CreditMinAdapt,8,hotspot,0.005,660.9114,28.1063,5,24.6362
CreditMinAdapt,8,hotspot,0.01,771.5156,30.9926,5,27.1662
CreditMinAdapt,8,hotspot,0.02,866.083,21.4126,5,18.769
CreditMinAdapt,8,hotspot,0.04,949.8868,12.2047,5,10.6979
CreditMinAdapt,8,hotspot,0.08,985.28,10.3725,5,9.0919
CreditMinAdapt,8,transpose,0.005,53.6784,0.8003,5,0.7015
CreditMinAdapt,8,transpose,0.01,64.2818,1.2447,5,1.091
CreditMinAdapt,8,transpose,0.02,343.1346,25.8433,5,22.6526
CreditMinAdapt,8,transpose,0.04,394.5694,2.8831,5,2.5272
CreditMinAdapt,8,transpose,0.08,649.364,6.7236,5,5.8935
CreditMinAdapt,8,uniform,0.005,54.4106,0.9001,5,0.7889
CreditMinAdapt,8,uniform,0.01,68.7669,1.3598,5,1.1919
CreditMinAdapt,8,uniform,0.02,239.999,29.4063,5,25.7757
CreditMinAdapt,8,uniform,0.04,515.6048,9.0728,5,7.9526
CreditMinAdapt,8,uniform,0.08,761.5374,5.1687,5,4.5306
CreditMinAdapt,16,hotspot,0.005,807.3196,35.0536,5,30.7258
CreditMinAdapt,16,hotspot,0.01,868.9936,19.6175,5,17.1955
CreditMinAdapt,16,hotspot,0.02,951.8064,14.0678,5,12.331
CreditMinAdapt,16,hotspot,0.04,963.6128,18.439,5,16.1625
CreditMinAdapt,16,hotspot,0.08,991.2058,16.1883,5,14.1897
CreditMinAdapt,16,transpose,0.005,95.167,1.2095,5,1.0601
CreditMinAdapt,16,transpose,0.01,331.9698,8.2858,5,7.2628
CreditMinAdapt,16,transpose,0.02,411.2322,4.7612,5,4.1734
CreditMinAdapt,16,transpose,0.04,560.6244,6.957,5,6.0981
CreditMinAdapt,16,transpose,0.08,744.2552,6.6219,5,5.8043
CreditMinAdapt,16,uniform,0.005,90.8815,0.6513,5,0.5709
CreditMinAdapt,16,uniform,0.01,272.9054,17.7491,5,15.5578
CreditMinAdapt,16,uniform,0.02,476.0178,30.5538,5,26.7816
CreditMinAdapt,16,uniform,0.04,607.9742,47.842,5,41.9354
CreditMinAdapt,16,uniform,0.08,714.481,73.0237,5,64.0081
DDDQN,4,hotspot,0.005,402.0476,71.7122,5,62.8585
DDDQN,4,hotspot,0.01,541.3332,41.6559,5,36.513
DDDQN,4,hotspot,0.02,744.0552,26.8615,5,23.5451
DDDQN,4,hotspot,0.04,884.6204,15.4699,5,13.56
DDDQN,4,hotspot,0.08,944.464,9.9687,5,8.7379
DDDQN,4,transpose,0.005,36.8894,0.2792,5,0.2447
DDDQN,4,transpose,0.01,39.7096,0.6164,5,0.5403
DDDQN,4,transpose,0.02,50.4863,1.6115,5,1.4125
DDDQN,4,transpose,0.04,263.1264,18.1854,5,15.9402
DDDQN,4,transpose,0.08,499.5844,9.6333,5,8.444
DDDQN,4,uniform,0.005,38.9619,0.873,5,0.7652
DDDQN,4,uniform,0.01,43.9321,0.5046,5,0.4423
DDDQN,4,uniform,0.02,63.2893,2.174,5,1.9056
DDDQN,4,uniform,0.04,401.107,28.8195,5,25.2614
DDDQN,4,uniform,0.08,601.6278,9.6755,5,8.481
DDDQN,8,hotspot,0.005,664.2508,27.3863,5,24.0052
DDDQN,8,hotspot,0.01,778.2818,35.1684,5,30.8264
DDDQN,8,hotspot,0.02,870.5642,17.2633,5,15.1319
DDDQN,8,hotspot,0.04,954.7066,6.3763,5,5.5891
DDDQN,8,hotspot,0.08,986.9078,9.8471,5,8.6314
DDDQN,8,transpose,0.005,53.6784,0.8003,5,0.7015
DDDQN,8,transpose,0.01,64.2818,1.2447,5,1.091
DDDQN,8,transpose,0.02,343.1346,25.8433,5,22.6526
DDDQN,8,transpose,0.04,394.5694,2.8831,5,2.5272
DDDQN,8,transpose,0.08,649.364,6.7236,5,5.8935
DDDQN,8,uniform,0.005,54.5731,0.593,5,0.5198
DDDQN,8,uniform,0.01,68.5385,1.9086,5,1.673
DDDQN,8,uniform,0.02,231.922,34.2952,5,30.0611
DDDQN,8,uniform,0.04,507.8578,11.3877,5,9.9818
DDDQN,8,uniform,0.08,764.0704,14.034,5,12.3013
DDDQN,16,hotspot,0.005,820.473,32.3019,5,28.3139
DDDQN,16,hotspot,0.01,860.8432,24.1792,5,21.194
DDDQN,16,hotspot,0.02,952.555,13.408,5,11.7527
DDDQN,16,hotspot,0.04,955.1706,19.8871,5,17.4319
DDDQN,16,hotspot,0.08,994.3304,13.1759,5,11.5492
DDDQN,16,transpose,0.005,95.167,1.2095,5,1.0601
DDDQN,16,transpose,0.01,331.9698,8.2858,5,7.2628
DDDQN,16,transpose,0.02,411.2322,4.7612,5,4.1734
DDDQN,16,transpose,0.04,560.6244,6.957,5,6.0981
DDDQN,16,transpose,0.08,744.2552,6.6219,5,5.8043
DDDQN,16,uniform,0.005,91.1296,0.9956,5,0.8727
DDDQN,16,uniform,0.01,266.1896,25.5433,5,22.3897
DDDQN,16,uniform,0.02,451.46,42.0666,5,36.873
DDDQN,16,uniform,0.04,633.1442,49.5866,5,43.4646
DDDQN,16,uniform,0.08,680.5644,64.069,5,56.159
DyAD,4,hotspot,0.005,392.9478,79.1268,5,69.3577
DyAD,4,hotspot,0.01,530.9902,47.0017,5,41.1988
DyAD,4,hotspot,0.02,733.9256,49.7887,5,43.6417
DyAD,4,hotspot,0.04,886.0604,13.4513,5,11.7906
DyAD,4,hotspot,0.08,942.2578,13.144,5,11.5213
DyAD,4,transpose,0.005,36.24,0.5352,5,0.4691
DyAD,4,transpose,0.01,39.0013,0.9639,5,0.8449
DyAD,4,transpose,0.02,51.6993,3.5811,5,3.139
DyAD,4,transpose,0.04,327.9218,80.6681,5,70.7087
DyAD,4,transpose,0.08,433.0202,11.1904,5,9.8088
DyAD,4,uniform,0.005,39.8125,0.9627,5,0.8438
DyAD,4,uniform,0.01,45.177,0.5424,5,0.4754
DyAD,4,uniform,0.02,67.435,4.5436,5,3.9826
DyAD,4,uniform,0.04,446.257,32.1211,5,28.1554
DyAD,4,uniform,0.08,625.922,15.8845,5,13.9234
DyAD,8,hotspot,0.005,606.4536,22.6319,5,19.8377
DyAD,8,hotspot,0.01,738.1068,62.4419,5,54.7327
DyAD,8,hotspot,0.02,848.0216,18.1275,5,15.8894
DyAD,8,hotspot,0.04,941.6646,11.3455,5,9.9448
DyAD,8,hotspot,0.08,978.8574,11.9583,5,10.4819
DyAD,8,transpose,0.005,54.4237,0.4268,5,0.3741
DyAD,8,transpose,0.01,87.353,4.432,5,3.8848
DyAD,8,transpose,0.02,359.379,17.9234,5,15.7105
DyAD,8,transpose,0.04,429.0926,5.1444,5,4.5092
DyAD,8,transpose,0.08,662.6274,8.0705,5,7.0741
DyAD,8,uniform,0.005,55.8937,0.598,5,0.5242
DyAD,8,uniform,0.01,71.8131,0.4981,5,0.4366
DyAD,8,uniform,0.02,352.9064,38.2478,5,33.5257
DyAD,8,uniform,0.04,522.9844,21.9179,5,19.2119
DyAD,8,uniform,0.08,764.5106,22.8034,5,19.988
DyAD,16,hotspot,0.005,686.7968,29.002,5,25.4214
DyAD,16,hotspot,0.01,807.9522,37.2912,5,32.6872
DyAD,16,hotspot,0.02,904.9176,7.5981,5,6.66
DyAD,16,hotspot,0.04,944.4916,13.6691,5,11.9815
DyAD,16,hotspot,0.08,984.7324,18.087,5,15.854
DyAD,16,transpose,0.005,139.4344,10.5491,5,9.2467
DyAD,16,transpose,0.01,263.2652,7.5949,5,6.6572
DyAD,16,transpose,0.02,452.8584,8.0644,5,7.0688
DyAD,16,transpose,0.04,555.905,5.9992,5,5.2585
DyAD,16,transpose,0.08,719.2144,7.5124,5,6.5849
DyAD,16,uniform,0.005,94.2989,0.8297,5,0.7273
DyAD,16,uniform,0.01,304.7154,19.8671,5,17.4143
DyAD,16,uniform,0.02,484.9816,42.2829,5,37.0626
DyAD,16,uniform,0.04,696.3342,43.167,5,37.8376
DyAD,16,uniform,0.08,762.3376,58.996,5,51.7123
MinAdapt,4,hotspot,0.005,394.1602,56.4849,5,49.5112
MinAdapt,4,hotspot,0.01,578.8626,14.0921,5,12.3523
MinAdapt,4,hotspot,0.02,762.8158,24.4595,5,21.4397
MinAdapt,4,hotspot,0.04,888.6084,15.9654,5,13.9943
MinAdapt,4,hotspot,0.08,955.205,11.2855,5,9.8922
MinAdapt,4,transpose,0.005,38.1996,0.5756,5,0.5046
MinAdapt,4,transpose,0.01,44.9322,1.4988,5,1.3137
MinAdapt,4,transpose,0.02,241.5714,33.721,5,29.5577
MinAdapt,4,transpose,0.04,481.488,24.6991,5,21.6497
MinAdapt,4,transpose,0.08,537.8478,8.6096,5,7.5466
MinAdapt,4,uniform,0.005,39.4376,1.0259,5,0.8992
MinAdapt,4,uniform,0.01,44.7829,0.6939,5,0.6083
MinAdapt,4,uniform,0.02,68.2814,3.0131,5,2.6411
MinAdapt,4,uniform,0.04,501.9542,36.5262,5,32.0166
MinAdapt,4,uniform,0.08,635.238,13.4242,5,11.7668
MinAdapt,8,hotspot,0.005,537.2668,45.7297,5,40.0838
MinAdapt,8,hotspot,0.01,704.4466,50.7228,5,44.4605
MinAdapt,8,hotspot,0.02,844.8572,33.1458,5,29.0535
MinAdapt,8,hotspot,0.04,924.3708,23.8519,5,20.9071
MinAdapt,8,hotspot,0.08,972.2262,8.1516,5,7.1452
MinAdapt,8,transpose,0.005,65.8147,4.0212,5,3.5247
MinAdapt,8,transpose,0.01,208.2396,22.0987,5,19.3704
MinAdapt,8,transpose,0.02,283.3908,9.115,5,7.9897
MinAdapt,8,transpose,0.04,410.4994,9.4188,5,8.2559
MinAdapt,8,transpose,0.08,635.3716,7.9299,5,6.9509
MinAdapt,8,uniform,0.005,57.2043,0.8305,5,0.728
MinAdapt,8,uniform,0.01,81.273,3.5927,5,3.1491
MinAdapt,8,uniform,0.02,324.5096,31.1541,5,27.3078
MinAdapt,8,uniform,0.04,547.5014,15.5143,5,13.5989
MinAdapt,8,uniform,0.08,767.261,18.5364,5,16.2478
MinAdapt,16,hotspot,0.005,670.49,19.0197,5,16.6715
MinAdapt,16,hotspot,0.01,776.7778,30.2722,5,26.5348
MinAdapt,16,hotspot,0.02,877.1468,31.0645,5,27.2292
MinAdapt,16,hotspot,0.04,927.4086,21.7192,5,19.0377
MinAdapt,16,hotspot,0.08,978.2396,13.3233,5,11.6784
MinAdapt,16,transpose,0.005,217.834,8.873,5,7.7775
MinAdapt,16,transpose,0.01,252.4466,6.7848,5,5.9472
MinAdapt,16,transpose,0.02,380.3688,11.5719,5,10.1432
MinAdapt,16,transpose,0.04,498.9786,4.2153,5,3.6948
MinAdapt,16,transpose,0.08,680.5732,5.2346,5,4.5883
MinAdapt,16,uniform,0.005,117.5172,2.224,5,1.9494
MinAdapt,16,uniform,0.01,300.9956,11.1215,5,9.7485
MinAdapt,16,uniform,0.02,453.3498,17.5736,5,15.4039
MinAdapt,16,uniform,0.04,712.6088,6.6621,5,5.8396
MinAdapt,16,uniform,0.08,855.9958,1.5195,5,1.3319
OddEven,4,hotspot,0.005,390.1776,81.0202,5,71.0173
OddEven,4,hotspot,0.01,547.4644,25.17,5,22.0624
OddEven,4,hotspot,0.02,737.7236,39.6458,5,34.7511
OddEven,4,hotspot,0.04,870.0102,29.5546,5,25.9057
OddEven,4,hotspot,0.08,941.935,13.7261,5,12.0315
OddEven,4,transpose,0.005,40.3633,1.2497,5,1.0954
OddEven,4,transpose,0.01,66.4522,14.353,5,12.581
OddEven,4,transpose,0.02,310.0032,17.0866,5,14.9771
OddEven,4,transpose,0.04,271.3952,5.5205,5,4.8389
OddEven,4,transpose,0.08,514.7956,12.6224,5,11.064
OddEven,4,uniform,0.005,39.4839,0.9008,5,0.7896
OddEven,4,uniform,0.01,45.1737,1.2335,5,1.0813
OddEven,4,uniform,0.02,69.4388,2.7971,5,2.4518
OddEven,4,uniform,0.04,515.3542,43.4559,5,38.0908
OddEven,4,uniform,0.08,628.4908,11.3163,5,9.9191
OddEven,8,hotspot,0.005,599.1188,36.2754,5,31.7968
OddEven,8,hotspot,0.01,709.3196,42.7314,5,37.4557
OddEven,8,hotspot,0.02,842.1606,17.1139,5,15.001
OddEven,8,hotspot,0.04,927.1694,8.3689,5,7.3357
OddEven,8,hotspot,0.08,971.6468,8.4531,5,7.4095
OddEven,8,transpose,0.005,173.711,11.2774,5,9.8851
OddEven,8,transpose,0.01,199.8006,12.4083,5,10.8764
OddEven,8,transpose,0.02,285.8624,9.4688,5,8.2998
OddEven,8,transpose,0.04,371.296,10.8248,5,9.4884
OddEven,8,transpose,0.08,587.2196,7.8786,5,6.9059
OddEven,8,uniform,0.005,57.0224,1.6724,5,1.4659
OddEven,8,uniform,0.01,79.262,3.0755,5,2.6958
OddEven,8,uniform,0.02,446.931,40.6039,5,35.5909
OddEven,8,uniform,0.04,584.5216,17.8957,5,15.6863
OddEven,8,uniform,0.08,780.229,22.3298,5,19.573
OddEven,16,hotspot,0.005,725.226,31.1906,5,27.3398
OddEven,16,hotspot,0.01,793.4288,33.1807,5,29.0842
OddEven,16,hotspot,0.02,911.893,12.1503,5,10.6502
OddEven,16,hotspot,0.04,937.031,22.651,5,19.8545
OddEven,16,hotspot,0.08,986.3658,11.2678,5,9.8767
OddEven,16,transpose,0.005,217.4048,6.8424,5,5.9976
OddEven,16,transpose,0.01,264.2536,5.4561,5,4.7825
OddEven,16,transpose,0.02,328.6328,5.8533,5,5.1307
OddEven,16,transpose,0.04,418.6364,9.8165,5,8.6045
OddEven,16,transpose,0.08,627.6796,7.3024,5,6.4009
OddEven,16,uniform,0.005,105.1876,3.1642,5,2.7736
OddEven,16,uniform,0.01,325.0408,57.5876,5,50.4777
OddEven,16,uniform,0.02,439.4372,15.0145,5,13.1608
OddEven,16,uniform,0.04,651.73,22.1502,5,19.4155
OddEven,16,uniform,0.08,793.2282,19.1132,5,16.7535
QRouting,4,hotspot,0.005,395.825,71.311,5,62.5069
QRouting,4,hotspot,0.01,537.648,41.0843,5,36.0119
QRouting,4,hotspot,0.02,759.8664,36.3298,5,31.8445
QRouting,4,hotspot,0.04,888.2868,20.0999,5,17.6183
QRouting,4,hotspot,0.08,954.3024,12.3578,5,10.8321
QRouting,4,transpose,0.005,37.2673,0.4206,5,0.3687
QRouting,4,transpose,0.01,41.1178,0.2656,5,0.2328
QRouting,4,transpose,0.02,55.4457,1.6793,5,1.472
QRouting,4,transpose,0.04,373.7514,52.0005,5,45.5805
QRouting,4,transpose,0.08,512.909,12.4016,5,10.8705
QRouting,4,uniform,0.005,39.3214,0.39,5,0.3418
QRouting,4,uniform,0.01,46.2594,1.672,5,1.4656
QRouting,4,uniform,0.02,68.7513,2.3171,5,2.031
QRouting,4,uniform,0.04,476.6586,18.4156,5,16.142
QRouting,4,uniform,0.08,626.5244,21.3062,5,18.6757
QRouting,8,hotspot,0.005,658.5278,19.0963,5,16.7387
QRouting,8,hotspot,0.01,762.4006,39.7279,5,34.823
QRouting,8,hotspot,0.02,858.3638,37.8627,5,33.1881
QRouting,8,hotspot,0.04,937.956,27.5596,5,24.157
QRouting,8,hotspot,0.08,979.3458,5.1906,5,4.5497
QRouting,8,transpose,0.005,55.7921,0.8662,5,0.7592
QRouting,8,transpose,0.01,74.5991,2.105,5,1.8451
QRouting,8,transpose,0.02,329.4868,26.5473,5,23.2697
QRouting,8,transpose,0.04,399.1972,8.1682,5,7.1597
QRouting,8,transpose,0.08,648.5746,7.6363,5,6.6935
QRouting,8,uniform,0.005,58.4812,0.7665,5,0.6719
QRouting,8,uniform,0.01,79.5674,0.9268,5,0.8124
QRouting,8,uniform,0.02,431.2566,89.0112,5,78.0218
QRouting,8,uniform,0.04,575.3858,35.091,5,30.7586
QRouting,8,uniform,0.08,755.4798,35.0739,5,30.7437
QRouting,16,hotspot,0.005,831.4824,31.3996,5,27.5229
QRouting,16,hotspot,0.01,858.9724,9.683,5,8.4875
QRouting,16,hotspot,0.02,945.0024,19.3694,5,16.9781
QRouting,16,hotspot,0.04,958.4558,17.2001,5,15.0765
QRouting,16,hotspot,0.08,990.3218,11.6127,5,10.179
QRouting,16,transpose,0.005,116.7292,2.783,5,2.4394
QRouting,16,transpose,0.01,240.2776,3.94,5,3.4536
QRouting,16,transpose,0.02,379.9444,8.6484,5,7.5807
QRouting,16,transpose,0.04,530.8306,6.0555,5,5.3079
QRouting,16,transpose,0.08,722.2318,13.121,5,11.5011
QRouting,16,uniform,0.005,111.1814,1.7905,5,1.5694
QRouting,16,uniform,0.01,276.0814,27.1825,5,23.8265
QRouting,16,uniform,0.02,399.0042,44.3081,5,38.8378
QRouting,16,uniform,0.04,382.6518,56.3558,5,49.398
QRouting,16,uniform,0.08,449.867,133.9805,5,117.439
XY,4,hotspot,0.005,417.8288,69.32,5,60.7617
XY,4,hotspot,0.01,576.9296,30.2908,5,26.5511
XY,4,hotspot,0.02,767.2682,25.5363,5,22.3836
XY,4,hotspot,0.04,886.0704,24.2202,5,21.23
XY,4,hotspot,0.08,952.8126,6.5648,5,5.7543
XY,4,transpose,0.005,37.9948,0.5568,5,0.4881
XY,4,transpose,0.01,44.6442,2.1355,5,1.8719
XY,4,transpose,0.02,231.6118,36.7356,5,32.2001
XY,4,transpose,0.04,456.454,25.6998,5,22.5269
XY,4,transpose,0.08,526.6392,8.3979,5,7.3611
XY,4,uniform,0.005,39.1068,1.1039,5,0.9676
XY,4,uniform,0.01,44.0518,0.7741,5,0.6785
XY,4,uniform,0.02,62.9661,1.774,5,1.555
XY,4,uniform,0.04,413.9232,29.1337,5,25.5368
XY,4,uniform,0.08,604.8056,6.5694,5,5.7583
XY,8,hotspot,0.005,563.7644,47.3455,5,41.5001
XY,8,hotspot,0.01,713.5678,23.2893,5,20.414
XY,8,hotspot,0.02,855.6348,35.0546,5,30.7267
XY,8,hotspot,0.04,931.5878,9.1791,5,8.0458
XY,8,hotspot,0.08,977.3292,11.497,5,10.0776
XY,8,transpose,0.005,60.472,1.7254,5,1.5123
XY,8,transpose,0.01,216.8032,20.3798,5,17.8637
XY,8,transpose,0.02,298.238,10.3639,5,9.0844
XY,8,transpose,0.04,423.296,6.286,5,5.51
XY,8,transpose,0.08,632.9214,10.7037,5,9.3822
XY,8,uniform,0.005,54.1828,0.5855,5,0.5132
XY,8,uniform,0.01,69.4401,0.5697,5,0.4994
XY,8,uniform,0.02,237.368,39.6412,5,34.7471
XY,8,uniform,0.04,514.895,8.3216,5,7.2942
XY,8,uniform,0.08,755.9466,16.7019,5,14.6399
XY,16,hotspot,0.005,682.844,44.4922,5,38.9991
XY,16,hotspot,0.01,791.7042,23.5125,5,20.6096
XY,16,hotspot,0.02,905.0008,32.5892,5,28.5657
XY,16,hotspot,0.04,936.2024,16.9742,5,14.8785
XY,16,hotspot,0.08,983.8518,14.1642,5,12.4155
XY,16,transpose,0.005,239.5254,15.6597,5,13.7264
XY,16,transpose,0.01,284.6926,6.3498,5,5.5659
XY,16,transpose,0.02,414.0602,11.4924,5,10.0736
XY,16,transpose,0.04,512.591,4.0429,5,3.5437
XY,16,transpose,0.08,682.6052,7.1044,5,6.2273
XY,16,uniform,0.005,89.8299,0.6934,5,0.6078
XY,16,uniform,0.01,212.6074,5.6691,5,4.9692
XY,16,uniform,0.02,482.4354,9.9819,5,8.7495
XY,16,uniform,0.04,739.0918,15.4321,5,13.5268
XY,16,uniform,0.08,870.9078,6.6722,5,5.8484
